,rmse,mae,mape
ARIMAX,0.09705904106051284,0.018183898195405914,41544.06273538858
SARIMAX,0.09705904106051284,0.018183898195405914,41544.06273538858
UC,0.09760097650588911,0.018297018334810386,41788.81570701669
