model,RMSE,MAE,MAPE
ARIMAX,0.024763929046797813,0.01268462464843618,14965.39990348623
SARIMAX,0.024763929046797813,0.01268462464843618,14965.39990348623
UC,0.024731257336162948,0.012652384346771099,14707.95681389699
