,lb_stat,lb_pvalue
10,22.603340074244624,0.012309301277380964
20,31.307108487090584,0.051264466856612116
