,lb_stat,lb_pvalue
10,97.3785039357543,1.82157949809657e-16
20,100.92387299718459,8.604774098814338e-13
